-t-;
a;
à;PREP
après;PREP
Arabica
artistes
Aryenica
Assemblée
au;PREP+DET
autres
avait
avoir
base
bien
bienveillants
blanche
bloggeuse
bois
budgétaire
cabale
café
ce;DET
certainement
cloche
cofondateur
commente
contexte
continuer
contre;PREP #par contre
côté#à côté de
couleur
créneau
d’;DET|PREP
dans;PREP#|NOM interdit : troisième dan de karaté
de;
déclaré
définitivement
déjà
délicieux
dénonçant
déposant
déposé
déposée
député
des;DET|PREP
désormais
dont;CONJ
Draye
du;DET|PREP
en;PREP#|ADV interdit 
ensemble
est
et;CONJ
être
existe
Facebook
faire
fait
festival
France
genre
grains
grand
Grand
grotesque
Hexagone
huées
il;PRO
impensable
instable
islamo-racailles
janvier
je;PRO
jeudi
Julien
l’;DET|PRO
la;DET|PRO
le;DET|PRO
les;DET|PRO
Les;DET|PRO
lessive
leur;DET|PRO
lui;PRO
marque
Matthias
Même
mesure
micro
monté
Musicales
n’
ne
noir
notons
notre;DET #mais pas que non plus
nouvelle
Omo
on;PRO
origine
page
par;PREP
partis
pas
penser
plus
polémique
pour
preuve
produire
propose
proposé
proposition
puisqu’;CONJ
puisse
purement
qu’;PRO
quant;CONJ #quant à
que;PRO
qui;PRO
quoi;PRO
Racisme
Rambaud
réactionnaire
réagir
récidivé
Remplacement
remplacer
Renault
Reportage
Républicains
réseaux
RN
sa;DET
sais
seule
simplement
sociaux
sol
son;DET
sont
SOS
sous;PREP
spirit
Stéphane
stocks
subventions
supprimer
suprémaciste
sur;PREP
tant #tant que
temps
torréfiés
Trans
transgenres
trouver
un;DET
une;DET #|nom la une d'un journal
vient
visant
vivement
vouloir
white
X